Sr_No,text,likes,comments,proper_date,day,time
1,#BookMyShow Tickets Booked in the Last 24 Hrs:  #TheGOAT : 234.85K (D4)ğŸ”¥ğŸ”¥  #Stree2Â : 144.49K (D25)ğŸ”¥ğŸ”¥  #SaripodhaaSanivaaram : 50.16K (D11)ğŸ”¥  #ThalapathyIsTheGoat : 45.03K (D4)ğŸ”¥  #35ChinnaKathaKaadu : 18.57K (D3)ğŸ‘,866,10,2024-09-09,Monday,03:36:00
2,Monday morning close to 8K tickets getting sold out in BookMyShow ğŸ”¥ğŸ”¥  #TheGreatestOfAllTime,2087,14,2024-09-09,Monday,04:53:00
3,2024-Kollywood Movies -BOOKMYSHOW Day1(Pre Booking)- Ticket Booking Count:-  #GOAT - 2.4M+âœ…  #Raayan - 552K+âœ…  #Ghilli - 150.7K+âœ…  #ARANMANAI4 - 131.25K+âœ…  #STAR - 130.33K+âœ…  #Rathnam - 48.42Kâœ…,314,2,2024-09-09,Monday,06:02:00
4,Aravinda Sametha in 2018 Holds  â€œAll Time Recordâ€ on BookMyShow with 1.2 million ticket sales ğŸ˜ğŸ˜  This Time #Devara mass chustaruu  #DevaraTrailer @tarak9999ğŸ¯,1525,0,2024-09-08,Sunday,14:24:00
5,Thalapathy Vijay's #TheGreatestOfAllTime Ticket Sales @ BookMyShow -  Aug 30- 36.36K Aug 31- 54.74K Sep 1 - 235.01K Sept 2 - 234.25K Sept 3 - 295.83K Sept 4 - 372.18K Sept 5 - 551.40K Sept 6 - 370.35K Sept 7 - 385.10K Sept 8 - 234.85K  Total Tickets Sold - 2.75 M +  PHENOMENAL ğŸ”¥,2846,45,2024-09-09,Monday,05:11:00
6,Day 4 (Sunday) @bookmyshow Ticket Sales:   ğŸ‘‰ #Jailer:6.80L   ğŸ‘‰ #Leo:5.48L  ğŸ‘‰ #Jailer:4.16L (Day 10)  ğŸ‘‰ #TheGreatestOfAllTime: 2.79L  @actorvijay @rajinikanth,365,11,2024-09-09,Monday,02:30:00
7,#Jailer had 416k tickets sold on Bookmyshow on the 10th day and #GOAT sold 235k tickets on its first Sunday. Do you guys realize how big a scam this box office reporting is by #Vijay mafia group? Worst actor and person of all time!! #GoatDisaster #Rajnikanth #Suriya,1255,71,2024-09-08,Sunday,23:44:00
8,"GET READY! ğŸš¨ #Devara Giveaways are just around the corner! ğŸ‰  BookMyShow Gift Cards ğŸ, prizes, and more! ğŸ¤©  Must Follow âœ…  Retweet ğŸ” Tag your friends! ğŸ‘«ğŸ‘‰ Highlight this post to spread the word! ğŸ”Š  Stay engaged for the next couple of weeks for: ğŸ“† Contests ğŸ† Quizzes ğŸ¤” Surprises ğŸŠ  Want to share your ideas or thoughts? DM us! ğŸ“² Exciting times ahead! ğŸ‰ #Devara #NTR #KoratalaSiva #DevaraOnSep27th",48,42,2024-09-09,Monday,13:13:00
9,Total 2.75 M + Tickets Sold Out Via BooKMyShow App for G.O.A.T Till NowğŸ’¥ğŸ”¥,773,6,2024-09-09,Monday,05:18:00
10,#BookMyShow exposed #leo boxoffice wadai  Bookmyshow exposing #Goat boxoffice wadai  Looks like some in bookmyshow introduced trending fed up with Joseph vijay wadais and only to expose it  #goatreview #TheGreatestOfAllTime #GOATDisasterofAllTime #goatdisaster #thegoat,200,3,2024-09-09,Monday,01:49:00
11,As expected #GOAT has crashed on Monday except #Chennai. #GoatDisaster ..just open #Bookmyshow and check if any doubts,128,3,2024-09-09,Monday,05:45:00
12,"#GOAT - Pre sales+Day1 to Day4 - BOOKMYSHOW Count: 3.6M+ âœ…  (Tamil, Telugu, Hindi)  #GoatBlocobuster #MegaBlockbusterGOAT @archanakalpathi @Ags_production @vp_offl",1420,11,2024-09-09,Monday,04:56:00
13,"In just 24 hours, over 280K tickets have been booked on BookMyShow ğŸ«¡  #TheGreatestOfAllTime #ThalapathyIsTheGOAT @actorvijay",1853,21,2024-09-09,Monday,06:19:00
14,#TheGreatestOfAllTime Ticket Sales #BookMyShow:  Aug 30- 36.36K Aug 31- 54.74K Sep 1 - 235.01K Sept 2 - 234.25K Sept 3 - 295.83K Sept 4 - 372.18K Sept 5 - 551.40K Sept 6 - 370.35K Sept 7 - 385.10K Sept 8 - 234.85K  Total Tickets Sold - 2.75 M +ğŸ”¥ğŸ”¥ğŸ”¥,967,22,2024-09-09,Monday,03:45:00
15,"Despite bookings open in just a few locations, 11.55K tickets were booked in the last 24 hours for #TheGreatestOfAllTime on Bookmyshow ğŸ”¥",1557,15,2024-08-30,Friday,14:02:00
16,#3Movie4K #3Movie   ğŸš¨ Kakinada Bookings Update! ğŸš¨  Padmapriya SriPriya Complex &  Chanakya Chandra Gupta Complex  Bookings Opened in @bookmyshow & @TicketnewIndia (Paytm Movies)  Book your Tickets Now! ğŸŸï¸,24,0,2024-09-09,Monday,14:08:00
17,Innonu solraa .. Indian 2 bookmyshow total ticket count is more than raayan ...but  Indian 2 TN is 55 crs .. Whereas raayan TN 80crs  @k3_butcher,3,0,2024-09-09,Monday,14:24:00
18,Aravinda Sametha in 2018 Holds  â€œAll Time Recordâ€ on BookMyShow with 1.2 million ticket sales ğŸ˜ğŸ˜  Ee record ni kotevadu evaranaa unte kotti matladandi ledante malli meme kodataam ğŸ”¥ğŸ¥±  @tarak9999 #Devara #DevaraTrailer #DevaraOnSep27th,1272,1,2024-09-09,Monday,01:03:00
19,"Bro seriously? Tamilnadu booking is next level. Just see bookmyshow. It's correct only. Close to all trackers....  If u telling in positive way, it's fine. But looks like u mocking.",0,0,2024-09-09,Monday,15:51:00
20,Podi pasanga won't be able to dodge this shotgun bullet...thank you @bookmyshow for tracking infos...or else thalaila molaga arachi irupanunga... wish all booking sites adopt this... Be it #Vettaiyan or #Coolie or #Jailer2 hoping Rajini himself break this...ğŸ¤ğŸ¼,0,0,2024-09-09,Monday,15:50:00
21,"#HungryCheetah BookMyShow Interests Marching Towards the 100K !! ğŸ’£ğŸ”¥  If you haven't marked your interest yet, please do it now ğŸ“£ğŸ’¥  Link: https://in.bookmyshow.com/hyderabad/movies/they-call-him-og-telugu/ET00369074 #TheyCallHimOG | @PawanKalyan",1438,2,2024-09-07,Saturday,16:17:00
22,Tickets booked on 1st Sunday on @bookmyshow Kollywood  ğŸ‘‰ #Jailer :  681.2K ğŸ‘‰ #LEO :  547.7K ğŸ‘‰ #GOAT  : 282.2K ğŸ‘‰ #Raayan  : 212.1K ğŸ‘‰ #MahaRaja : 207.4K,424,15,2024-09-09,Monday,01:35:00
23,GIVE 10/10 RATING ğŸš¨ğŸš¨ğŸš¨ğŸš¨ğŸš¨  Use all your Email Ids ğŸ¤œğŸ¤›  We need to achieve at least 8.5 Ratings ğŸ”¥ğŸ”¥ #GOAT https://in.bookmyshow.com/chennai/movies/the-greatest-of-all-time-tamil/ET00401439 @Bookmyshow,209,7,2024-09-08,Sunday,18:35:00
24,#TheGOAT - 8K+ Tickets Booked In Last 1 Hour On BookMyShowğŸ’¥,446,1,2024-09-09,Monday,05:00:00
25,Terrific Booking so for for GOAT Hindi -  44 .84 K TICKETS ğŸŸï¸ Sold Out Via BooKMyShow App ğŸ’¥ğŸ”¥ @Actorvijay,895,17,2024-09-09,Monday,04:53:00
26,"One man can do this! @PMOIndia some rules or something on the lines of bookmyshow can be done where one can book tickets for visiting ğŸ›• This would lead to lesser queue, they would also get to know how many people would be visiting! Restrict no of visitors per day! Solved ğŸ™‚",1,0,2024-09-09,Monday,15:38:00
27,"#Hit3 in Book My Show , intrested one go mark your intrest  #Nani32 #Nani #SaripodhaaSanivaaram https://in.bookmyshow.com/hyderabad/movies/hit-the-3rd-case-telugu/ET00410905 @Bookmyshow",6,0,2024-09-09,Monday,11:57:00
28,I gave my rating for #TheGreatestOfAllTime on @bookmyshow ğŸ”¥ğŸ¤œğŸ¤›  Neenga koduthacha ?? ğŸ’¯ğŸ’¯  #TheGreatestOfAllTime #TheGOAT https://in.bookmyshow.com/chennai/movies/the-greatest-of-all-time-tamil/ET00401439,165,5,2024-09-08,Sunday,18:46:00
29,à®¤à®²à¯ˆà®µà®¾ à®¨à¯€à®™à¯à®• à®‡à®°à¯à®•à¯à®•à®¿à®±à®¤à¯à®©à®¾à®² à®¤à®¾à®©à¯ à®µà®¿à®œà®¯à¯ à®•à¯‹à®²à¯à®Ÿà¯ à®•à®¾à®¯à®¿à®©à¯ à®•à¯Šà®Ÿà¯à®¤à¯à®¤à¯ à®‰à®™à¯à®•à®³à¯ˆ à®¤à®¾à®£à¯à®Ÿà®¿à®© à®®à®¾à®¤à®¿à®°à®¿ à®•à®¾à®®à®¿à®šà¯à®šà®¿à®Ÿà¯à®Ÿà¯ à®‡à®°à¯à®•à¯à®•à®¾à®°à¯ à®‰à®£à¯à®®à¯ˆà®¯à®¿à®²à¯ à®‰à®™à¯à®•à®³à¯ˆà®¤à¯ à®¤à®¾à®£à¯à®Ÿà®©à¯à®®à¯à®©à®¾ à®¨à¯€à®™à¯à®•à®³à¯‡ à®’à®¤à¯à®™à¯à®•à®¿à®©à®¾à®²à¯ à®¤à®¾à®©à¯ à®‰à®£à¯à®Ÿà¯ à®ªà®¾à®µà®®à¯ à®µà®¿à®œà®¯à¯à®•à¯à®•à¯ à®¨à®®à¯à®ªà®°à¯ à®’à®©à¯ à®‡à®Ÿà®¤à¯à®¤à¯ˆ à®µà®¿à®Ÿà¯à®Ÿà¯à®•à¯ à®•à¯Šà®Ÿà¯à®¤à¯à®¤à¯à®Ÿà¯à®™à¯à®• ğŸ˜‚,8,1,2024-09-09,Monday,03:42:00
30,#KrishnamPranayaSakhi movie Crossed â‚¹15+Cr gross mark in only bookmyshow â¤ï¸â€ğŸ”¥â¤ï¸â€ğŸ”¥â¤ï¸â€ğŸ”¥  #Bheema movie - 13.5+Cr collected only bookmyshow ğŸ”¥ğŸ”¥  #Ganesh #GoldenStarGanesh #DuniyaVijay #Vijaykumar,176,2,2024-09-08,Sunday,16:17:00
31,Upcoming Biggies from KollyWood interests on BookMyShow  1. #Kanguva  :-62.5K ğŸ’¥ 2. #Vettaiyan :- 20K  3. #VidaaMuyarchi  :- 17.5K 4. #Amaran :- 8.5K  The anticipation around @Suriya_offl 's @KanguvaTheMovie is  ğŸ¥¶,13,0,2024-09-09,Monday,05:57:00
32,#TheGreatestOfAllTime Ticket Sales @ BookMyShow -  Aug 30- 36.36K Aug 31- 54.74K Sep 1 - 235.01K Sept 2 - 234.25K Sept 3 - 295.83K Sept 4 - 372.18K Sept 5 - 551.40K Sept 6 - 370.35K Sept 7 - 385.10K Sept 8 - 234.85K  Total Tickets Sold - 2.75 M +  Tremendous ğŸ”¥ğŸ”¥ğŸ”¥  #GOAT #ThalapathyVijay,596,10,2024-09-09,Monday,05:18:00
33,"#SaripodhaaSanivaaram Tickets booked on BookMyShow   Pre Sales- 139.9k 1st Week- 926.44k  2nd Thu- 23.95k 2nd Fri- 27.88k 2nd Sat- 89.22k 2nd Sun- 49.97k ------------------ Total- 12,57,540",48,1,2024-09-09,Monday,01:29:00
34,Jailer 10th day higher than #Goat 4th day . Thalaivar stardom ğŸ”¥,13,0,2024-09-09,Monday,02:38:00
35,GIVE 10/10 RATING ğŸš¨ğŸš¨ğŸš¨ğŸš¨ğŸš¨  Use all your Email Ids ğŸ¤œğŸ¤›  We need to achieve at least 8.5 Ratings ğŸ”¥ğŸ”¥ #GOAT https://in.bookmyshow.com/chennai/movies/the-greatest-of-all-time-tamil/ET00401439 @Bookmyshow,241,5,2024-09-08,Sunday,18:33:00
36,Not all theatres are available on Bookmyshow da mentalaanğŸ˜­,0,1,2024-09-09,Monday,15:02:00
37,I just verify from bookmyshow that its currently running or not.   I have checked on google/justdial and their reviews too before adding it in list. I have also checked if two shows are running at the same time. Begusarai/Jamui may not have multiplex as they have same franchise.,0,2,2024-09-09,Monday,15:01:00
38,"à²‡à²¬à³à²¬à²¨à²¿ à²¤à²¬à³à²¬à²¿à²¦ à²‡à²³à³†à²¯à²²à²¿ğŸ¤ Those who have liked our movie, kindly spread the word. Rate our movie on #bookMyShow à²¨à²®à³à²® à²šà²¿à²¤à³à²° à²‡à²·à³à²Ÿ à²ªà²Ÿà³à²Ÿà²µà²°à³, à²¦à²¯à²µà²¿à²Ÿà³à²Ÿà³ à²¬à²‚à²§à³ à²®à²¿à²¤à³à²°à²°à²¿à²—à³† à²šà²¿à²¤à³à²°à²¦ à²¬à²—à³à²—à³† à²¤à²¿à²³à²¿à²¸à²¿. #bookMyShow à²¨à²²à³à²²à²¿ à²°à³‡à²Ÿà²¿à²‚à²—à³ à²¨à³€à²¡à²¿ #ibbaniTabbidaIleyali Thanks to all those who hv been supporting usâ˜ºï¸",358,6,2024-09-09,Monday,03:05:00
39,Districts in Bihar having Multiplex  Source - Bookmyshow  Surprisingly half of the Bihar's districts dont have any multiplex.,126,18,2024-09-09,Monday,06:45:00
40,#HaryanviHunters are ready to Roar ğŸ”¥  Book your tickets ğŸŸï¸ on @bookmyshow on 13 sept   Full support hang hone wala hai ğŸ˜Š  #ElvishYadavğ“ƒµ #ElvishArmy,6,0,2024-09-09,Monday,14:06:00
41,#Jailer had 416k tickets sold on Bookmyshow on the 10th day and #GOAT sold 235k tickets on its first Sunday. Do you guys realize how big a scam this box office reporting is by #Vijay mafia group? Worst actor and person of all time!! #GoatDisaster #Rajnikanth,254,7,2024-09-09,Monday,01:45:00
42,Aravinda Sametha in 2018 Holds  â€œAll Time Recordâ€ on BookMyShow with 1.2 million ticket sales ğŸ˜ğŸ˜  Alantodu malli tirigi vastunnadu ante   @tarak9999 #Devara #DevaraTrailer #DevaraOnSep27th,3279,13,2024-09-08,Sunday,14:08:00
43,#TheGOAT - Around 280K Tickets Booked In Last 24 Hours On BookmyShowğŸ’¥,831,6,2024-09-09,Monday,01:47:00
44,Just Cry Louder ğŸ˜…ğŸ¤£ğŸ˜‚  #LEO 1st 6 Days -----> 7M+ Tickets Sold On @BookMyShow #Jailer 1st 7 Days -----> 6M+ Tickets Sold On @BookMyShow   Appovum FAKE Nu Tan Kathuruneenga.  #TheGOAT Pre-Sales -----> 1.2M+ Tickets  #Raayan -----> Less Than 300K Pre-Sales #MahaRaja -----> Bookings Picked After Release Only  Here is Comparison For #JAILER vs #LEO vs #TheGreatestOfAllTime ğŸ”½ https://x.com/AshokOfficial_/status/1832798341966524716?t=DiPuWyi9aCevGj6JrrjYNQ&s=19,129,3,2024-09-09,Monday,04:20:00
45,"#Devara Nearing 200K+ Interests On @bookmyshow ğŸ”¥ Currently At 165K+  All @tarak9999 Fans, Click On Below Link & Do Needful.  Link : linktr.ee/DevaraIndia  Man Of Masses Rampage Loading ğŸ¯  #JrNTR @DevaraMovie #DevaraIndia #ManOfMassesNTR #DevaraOnSep27th",1905,27,2024-09-08,Sunday,07:04:00
46,Upcoming Major releases from Kwood interests on BookMyShow..  1. #Kanguva  :-62.5 K (2 months left for release).  ğŸ‘‘ 2. #Vettaiyan :- 20K  ( 1 month left) 3. #VidaaMuyarchi  :- 17. 5K (1 light year left). 4. #Amaran :- 8.5K    The anticipation around #Kanguva is  ğŸ“ˆğŸ¥µ,49,2,2024-09-08,Sunday,17:46:00
47,Azhadha bro daily ğŸ˜‚ğŸ˜‚ğŸ‘ğŸ¤¦,0,0,2024-09-09,Monday,14:14:00
48,"Parental Alienation, the silent epidemic, is now loud and clear. Movie, â€˜KUHUDIâ€™ Chapter-1 is winning millions of hearts. Donâ€™t miss watching â€˜KUHUDIâ€™. Here are some videos of real alienated parents who are in immense pain.  #Kuhudi #StopParentalAlienation @bookmyshow",282,23,2024-06-23,Sunday,13:07:00
49,Classic case of wrong data interpretation. Many districts that you have shown as having multiplexe do not have multiplex. You have just picked up data of districts in which cinema halls have tickets available on Bookmyshow,1,1,2024-09-09,Monday,14:11:00
50,"HDFC Millenia Credit Card  APPLY here: https://bitli.in/gx0KJt1   ğŸ“Œ 5% Cashback on Amazon, BookMyShow, Cult Fit, Flipkart, Myntra, Sony LIV, Swiggy, Tata CLiQ, Uber and Zomato ğŸ“Œ â‚¹1000 Gift Vouchers ğŸ“Œ Upto 20% Off on Swiggy Dineout",480,11,2024-08-14,Wednesday,12:33:00
51,#TheGreatestOfAllTime Ticket Sales #BookMyShow:  Aug 30- 36.36K Aug 31- 54.74K Sep 1 - 235.01K Sept 2 - 234.25K Sept 3 - 295.83K Sept 4 - 372.18K Sept 5 - 551.40K Sept 6 - 370.35K Sept 7 - 385.10K Sept 8 - 234.85K  Total Tickets Sold - 2.75 M +ğŸ”¥ğŸ”¥ğŸ”¥,968,22,2024-09-09,Monday,03:45:00
52,#BookMyShow Tickets Booked in the Last 24 Hrs:  #TheGOAT : 234.85K (D4)ğŸ”¥ğŸ”¥  #Stree2Â : 144.49K (D25)ğŸ”¥ğŸ”¥  #SaripodhaaSanivaaram : 50.16K (D11)ğŸ”¥  #ThalapathyIsTheGoat : 45.03K (D4)ğŸ”¥  #35ChinnaKathaKaadu : 18.57K (D3)ğŸ‘,866,10,2024-09-09,Monday,03:36:00
53,#BookMyShow exposed #leo boxoffice wadai  Bookmyshow exposing #Goat boxoffice wadai  Looks like some in bookmyshow introduced trending fed up with Joseph vijay wadais and only to expose it  #goatreview #TheGreatestOfAllTime #GOATDisasterofAllTime #goatdisaster #thegoat,200,3,2024-09-09,Monday,01:49:00
54,As expected #GOAT has crashed on Monday except #Chennai. #GoatDisaster ..just open #Bookmyshow and check if any doubts,128,3,2024-09-09,Monday,05:45:00
55,"à²‡à²¬à³à²¬à²¨à²¿ à²¤à²¬à³à²¬à²¿à²¦ à²‡à²³à³†à²¯à²²à²¿ğŸ¤ Those who have liked our movie, kindly spread the word. Rate our movie on #bookMyShow à²¨à²®à³à²® à²šà²¿à²¤à³à²° à²‡à²·à³à²Ÿ à²ªà²Ÿà³à²Ÿà²µà²°à³, à²¦à²¯à²µà²¿à²Ÿà³à²Ÿà³ à²¬à²‚à²§à³ à²®à²¿à²¤à³à²°à²°à²¿à²—à³† à²šà²¿à²¤à³à²°à²¦ à²¬à²—à³à²—à³† à²¤à²¿à²³à²¿à²¸à²¿. #bookMyShow à²¨à²²à³à²²à²¿ à²°à³‡à²Ÿà²¿à²‚à²—à³ à²¨à³€à²¡à²¿ #ibbaniTabbidaIleyali Thanks to all those who hv been supporting usâ˜ºï¸",358,6,2024-09-09,Monday,03:05:00
56,"BookMyShow à¤¨à¥‡ à¤‡à¤‚à¤¡à¤¿à¤—à¥‹ à¤à¤¯à¤°à¤²à¤¾à¤‡à¤¨ à¤•à¥‡ à¤¸à¤¾à¤¥ à¤•à¥€ à¤¸à¤¾à¤à¥‡à¤¦à¤¾à¤°à¥€, 'Runway To Party' à¤•à¥ˆà¤‚à¤ªà¥‡à¤¨ à¤•à¥‹ à¤•à¤¿à¤¯à¤¾ à¤¶à¥à¤°à¥, 20% à¤Ÿà¤¿à¤•à¤Ÿ à¤ªà¤° à¤®à¤¿à¤²à¥‡à¤—à¥€ à¤›à¥‚à¤Ÿ #BookMyShow #IndiGoflight #Campaign https://hindi.goodreturns.in/news/bookmyshow-and-indigo-partnership-to-launch-runway-to-party-campaign-check-news-in-hindi-060529.html",0,0,2024-09-09,Monday,13:38:00
57,Waiting for #Bookmyshow to thrash #Vijay mafia group by giving number of tickets sold in last 24 hrs. #Jailer 4th had 650k tickets sold. #GoatDisaster,43,3,2024-09-08,Sunday,19:39:00
58,#JollyLLB2 #Movies #Trending #Comedy #LegalDrama #BookMyShow #BuyMovies #RentMovies #WatchOnline,0,0,2024-09-09,Monday,11:59:00
59,"Kickstart your week with the biggest blockbuster #ThalapathyVijay's #TheGreatestOfAllTime! ğŸ¬at best prices, only at #SPCinemas. ğŸŸï¸  #BookMyShow ğŸ‘‰ğŸ»shorturl.at/EfDNL #MegaBlockbusterGOAT @actorvijay @vp_offl @Ags_production #ThalapathyIsTheGoat #TheGOAT",6,0,2024-09-09,Monday,11:09:00
60,#TheGreatestOfAllTime #ThalapathyisTheGOAT #BookMyShow @BookMyShow  08.09.2024 - 280K+ Tickets Sold,2,0,2024-09-09,Monday,01:10:00
61,As expected #GOAT has crashed on Monday except #Chennai. #GoatDisaster ..just open #Bookmyshow and check if any doubts,4,0,2024-09-09,Monday,08:28:00
62,"Friends plz do rate 10/10 for #TheGOAT on #BookMyShowğŸ”¥ haters are trying to downgrade it, lets make it 85% atleast. #GOAT #TheGreatestofAllTime @actorvijay   Link:- https://in.bookmyshow.com/chennai/movies/the-greatest-of-all-time-tamil/ET00401439",64,2,2024-09-08,Sunday,18:53:00
63,#Bookmyshow is the most authentic source of BO collections and has data showing how many tickets were sold hourly and in last 24 hours. Are Vijay fans willing to accept #Jailer vs #GOAT Bookmyshow challenge. Whichever movie sold more tickets wins #Rajnikanth,3,0,2024-09-09,Monday,07:43:00
64,#Vijay mafia group tweet fake collections throughout the day and at the end of the day #Bookmyshow updates the number of tickets sold in the last 24 hours and they are half of #Jailer at the same time of the movies runâ€¦ğŸ˜‚ğŸ˜‚ğŸ˜‚ğŸ˜‚ğŸ˜‚ #GOATDisasterofAllTime #Rajnikanth,132,3,2024-09-08,Sunday,06:53:00
65,#FlyMeToTheMoon #Movie #Trending #BookMyShow #RentMovie #BuyMovie #WatchOnline,0,0,2024-09-09,Monday,07:08:00
66,#BookMyShow number of tickets sold  #Jailer Multi Starrer (Adv + 4 days) - 1.7 million tickets ğŸ¤®ğŸ˜‚  #GOAT (Adv +4 days) - 2.75 Million tickets ğŸ¤¯ğŸ”¥  #TheGreatestOfAllTimeâ€Œ #BlockBusterGOAT,10,0,2024-09-09,Monday,05:05:00
67,#leo exposed  #BookMyShow boxoffice wadai  #Goat #GOATTheMovie exposing Bookmyshow boxoffice wadai  Looks like some in #ThalapathyVijay introduced trending fed up with @bookmyshow wadais and only to expose it  #goatreview #TheGreatestOfAllTime #thegoat,0,0,2024-09-09,Monday,06:06:00
68,#BookMyShow sales are fake as per @mithunraman & co sites from now #GOATTheMovie #GOAT ..  @bookmyshow exposed by #ThalapathyVijay fans   My hero BMS PROOF HERO,0,0,2024-09-09,Monday,05:59:00
69,#TheGreatestOfAllTime Ticket Sales #BookMyShow:  Aug 30- 36.36K Aug 31- 54.74K Sep 1 - 235.01K Sept 2 - 234.25K Sept 3 - 295.83K Sept 4 - 372.18K Sept 5 - 551.40K Sept 6 - 370.35K Sept 7 - 385.10K Sept 8 - 234.85K  Total Tickets Sold - 2.75 M +ğŸ”¥ğŸ”¥ğŸ”¥,3,0,2024-09-09,Monday,05:47:00
70,#TheGreatestOfAllTime Ticket Sales #BookMyShow:  Aug 30- 36.36K Aug 31- 54.74K Sep 1 - 235.01K Sept 2 - 234.25K Sept 3 - 295.83K Sept 4 - 372.18K Sept 5 - 551.40K Sept 6 - 370.35K Sept 7 - 385.10K Sept 8 - 234.85K  Total Tickets Sold - 2.75 M + ğŸ’ªğŸ˜ğŸ˜,1,0,2024-09-09,Monday,04:52:00
71,#BookMyShow Tickets Booked in the Last 24 Hrs:  #TheGOAT : 234.85K (D4)ğŸ”¥ğŸ”¥  #Stree2â€¯â€¯â€¯Â : 144.49K (D25)ğŸ”¥ğŸ”¥  #SaripodhaaSanivaaram : 50.16K (D11)ğŸ”¥  #ThalapathyIsTheGoat : 45.03K (D4)ğŸ”¥  #35ChinnaKathaKaadu : 18.57K (D3)ğŸ‘,3,0,2024-09-09,Monday,04:49:00
72,#TheGreatestOfAllTime Ticket Sales #BookMyShow:  Aug 30- 36.36K Aug 31- 54.74K Sep 1 - 235.01K Sept 2 - 234.25K Sept 3 - 295.83K Sept 4 - 372.18K Sept 5 - 551.40K Sept 6 - 370.35K Sept 7 - 385.10K Sept 8 - 234.85K  Total Tickets Sold - 2.75 M +ğŸ”¥ğŸ”¥ğŸ”¥,0,0,2024-09-09,Monday,04:04:00
73,#TheGreatestOfAllTime Ticket Sales #BookMyShow:  Aug 30- 36.36K Aug 31- 54.74K Sep 1 - 235.01K Sept 2 - 234.25K Sept 3 - 295.83K Sept 4 - 372.18K Sept 5 - 551.40K Sept 6 - 370.35K Sept 7 - 385.10K Sept 8 - 234.85K  Total Tickets Sold - 2.75 M +ğŸ”¥ğŸ”¥ğŸ”¥ #TheGoAT #ThalapathyVijay,0,0,2024-09-09,Monday,04:03:00
74,Day 3 @bookmyshow - 24 Hours Tickets Sales Data Comparison :  â¡ï¸ #Jailer - 837 K Tickets  â¡ï¸ #Leo - 619 K Tickets  â¡ï¸ #GOAT - 431K Tickets (Includes Hindi) â¡ï¸ #Indian2 - 241 K Tickets   #ThalapathyVijay  - #SuperstarRajnikanth #BookMyShow - #KamalHasaan,122,5,2024-09-08,Sunday,03:51:00
75,@amb_cinemas Please clarify whether ordinary individuals can't be allowed to enter the VIP screen. Our booking in the VIP screen is cancelled by BMS. They are not providing an adequate answer to me. Not sure why disparity is shown.  #BookMyShow #Ethics #shame #CustomerExperience,0,0,2024-09-09,Monday,02:32:00
76,#CSMbyDNCTheatres #Komarapalayam #bookmyshow,93,3,2024-09-04,Wednesday,19:54:00
77,#TheGreatestOfAllTime #ThalapathyisTheGOAT #BookMyShow 'DAY WISE' Ticket Sales Data THREAD ğŸ«  Will Be Updated Once in Every 24 Hours Regarding Ticket Sales (INDIA) Data With PROOFs âš¡  NOTE - Inclusive Of All Languages ğŸ˜  Â©ï¸ @BookMyShow,17,1,2024-08-26,Monday,11:02:00
78,Thalaivar Vijay's #TheGOAT registers an incredible 431K+ tickets booked on #BookMyShow BMS in the last 24 hoursğŸ’¥ğŸ’¥ğŸ’¥  #GOAT #TheGreatestofAllTime @actorvijay,58,0,2024-09-08,Sunday,03:59:00
79,2024 Tier-2 Telugu Movies Day-1 #BookMyShow Ticket Sales:  #Hanuman - 337K #TilluSquare - 287K #SaripodhaaSanivaaram - 192K #DoubleIsmart - 118K #FamilyStar - 112K #NaaSaamiRanga - 96K #Eagle - 96K #Gaami - 93K #GangsOfGodavari - 73K #Bhimaa - 64K #Saindhav - 60K #Manamey - 55K #OoruPeruBhairavaKona - 52K #MrBachchan - 50K,187,16,2024-08-30,Friday,03:16:00
80,End of day 3 Total #bookmyshow ticket sales  #Jailer 4.17 million ğŸ‘ğŸ‘ Goat 2.7 million (including hindi title)  Note: Goat solo biggie release Jailer fought bholaa gadar2 omg2  #goat #goatreview #TheGreatestOfAllTime #GOATDisasterofAllTime #goatdisaster #thegoat #goatreview,147,1,2024-09-08,Sunday,03:00:00
81,#BookMyShow Tickets Booked in the Last 24 Hrs:  #TheGOAT : 385.13K (D3)ğŸ”¥ğŸ”¥  #Stree2Â : 164.07K (D24)ğŸ”¥ğŸ”¥  #SaripodhaaSanivaaram : 89.36K (D10)ğŸ”¥  #ThalapathyIsTheGoat : 46.1K (D3)ğŸ”¥  #35ChinnaKathaKaadu : 28.88K (D2)ğŸ”¥,1010,14,2024-09-08,Sunday,03:05:00
82,Tickets sold on #Bookmyshow for #GOAT day 2 and 3 combined <<<< tickets sold on Day 3 for #Jailer ğŸ˜‚ğŸ˜‚ğŸ˜‚ğŸ˜‚â€¦and Idiots want us to believe some stupid photoshopped picture with fake collections by the stupid producer and not believe official ticket selling App #GoatDisaster #Rajnikanth #Suriya,112,2,2024-09-07,Saturday,23:37:00
83,Tomorrow TN Booking ğŸ’¥ğŸ’¥ğŸ’¥ğŸ’¥ğŸ’¥   #ThalapathyVijayğ“ƒµ #GOAT #GreatestofAllTime #Bookmyshow,219,2,2024-09-06,Friday,18:01:00
84,Last 1hr bookings in #Bookmyshow #TheGreatestOfAllTime ğŸ”¥ #SaripodaSanivaaram ğŸ”¥ğŸ”¥ #35chinnamovie ğŸ”¥ #stree2,1,0,2024-09-08,Sunday,16:58:00
85,Most of the North Indian #Thangalaan theatres are running empty shows as seen from the #BookMyShow app..,0,0,2024-09-08,Sunday,16:15:00
86,Tuesday(10/9/24) pre-bookings fireuhh â¤ï¸â€ğŸ”¥   In Chennai  Total shows - 560+ Fast Filling shows - 100+  Working days layae book panra ga veri aatammm  Thalapathy â¤ï¸â€ğŸ”¥ğŸ¥µ   #ThalapathyVijayğ“ƒµ #TheGreatestOfAllTime #BookMyShow,1,0,2024-09-08,Sunday,15:40:00
87,Dear @actorvijay thalapathy fans  Kindly put the ratings  #TheGretestOfAllTime movie in #IMDb & #BookMyShow make it fast guys #TheGOAT #Matta #WhistlePodu #TheGOATFestival,0,0,2024-09-08,Sunday,14:29:00
88,#BookMyShow Tickets Booked in the Last 24 Hrs:  #TheGOAT : 385.13K (D3)  #Stree2â€¯â€¯â€¯Â : 164.07K (D24)  #SaripodhaaSanivaaram : 89.36K (D10)  #ThalapathyIsTheGoat : 46.1K (D3)  #35ChinnaKathaKaadu : 28.88K (D2),3,0,2024-09-08,Sunday,06:52:00
89,#WritingCommunity  Add your #books #ebooks #blogs #poetry #audiobooks & RT  #readingcommunity #BookTwitter #BookLover #BooksWorthReading #readerscommunity #BookMyShow #readers #readersoftwitter #poetrycommunity #writerscommunity #writerslift #ShamelessSelfpromoFriday,44,40,2024-09-06,Friday,11:02:00
90,#GoatDisaster #GoatMovieRelease #BookMyShow #Thalapathivijay @actorvijay  What can Vijay do ğŸ˜€ğŸ˜ƒ,0,0,2024-09-08,Sunday,10:54:00
91,Book your tickets on Book my show.. @bookmyshow #jaishreeram #thediaryofwestbengal #firstmovie #debutmovie #yajurmarwah #bollywoodactor #actor #hindifilms #grateful #30thAugust2024 #zeemusiccompany #latestnews #movierelease #bookmyshow,0,0,2024-09-08,Sunday,10:53:00
92,#HowToTrainYourDragon #Fantasy #Animation #Adventure #Drama #BookMyShow #Trending #BuyMovies #RentMovies #WatchOnline,0,0,2024-09-08,Sunday,10:30:00
93,#GOATDisaster #GOATBlockBuster #Goat blockbuster movie goes neck on neck with another Blockbuster #Stree2 movie in hourly ticket booking in #BookMyShow   Only difference is #Stree2 is in its 25th day #Goat is in its 4th day .....All time fastest industryhit is loading ......,0,0,2024-09-08,Sunday,10:13:00
94,Can Someone Enlighten me about what's going on regarding #Emergency movie. Some are saying the Certificate has been granted some are saying it's old news.   BTW #KanganaRanaut 's emergency has almost 50K interests on #BookMyShow,2,1,2024-09-08,Sunday,09:19:00
95,#Vijay mafia group tweet fake collections throughout the day and at the end of the day #Bookmyshow updates the number of tickets sold in the last 24 hours and they are half of #Jailer at the same time of the movies runâ€¦ğŸ˜‚ğŸ˜‚ğŸ˜‚ğŸ˜‚ğŸ˜‚ #GOATDisasterofAllTime #Rajnikanth,0,2,2024-09-08,Sunday,09:11:00
96,#GOAT #BookMyShow   IN @ShanthiCinema5,2,0,2024-09-08,Sunday,07:54:00
97,Sir #SDGM bhi daalo na #bookmyshow pe hame apna interest daalna hai,0,0,2024-09-08,Sunday,07:09:00
98,2.5M+ Tickets Sold Out  In #Bookmyshow on ğŸ”¥ @actorvijay ğŸ‘‘ #GOATBlockBuster ğŸ”¥ğŸ”¥,2,0,2024-09-08,Sunday,04:55:00
99,Book my Show Laa Nampa PasangaLa Poi rating 10/10 kudungaaada Aamais mentalans rating ah kammi pandranugaaah  ğŸ˜¤ğŸ˜¤ğŸ˜¤ğŸ˜¤ğŸ˜¤ğŸ˜¤ğŸ˜¤ğŸ˜¤ğŸ˜¤ğŸ˜¤ğŸ˜¤ğŸ˜¤  #ThalapathyIsTheGoat #GreatestofAllTime #Vijay #Thalapathy #ThalaDhoni #Vijayfans #GoatBlocobuster #GOAT #VenkatPrabhu #Bookmyshow #BMS,3,0,2024-09-08,Sunday,06:11:00
100,Day 3 @bookmyshow - 24 Hours Tickets Sales Data Comparison :  â¡ï¸ #Jailer - 837 K Tickets  â¡ï¸ #Leo - 619 K Tickets  â¡ï¸ #GOAT - 431K Tickets (Includes Hindi) â¡ï¸ #Indian2 - 241 K Tickets   #ThalapathyVijay  - #SuperstarRajnikanth #BookMyShow - #KamalHasaan,0,0,2024-09-08,Sunday,05:23:00
